CategoryName;SubCategoryName
Werkzeuge und Ausrüstung;Elektrowerkzeuge
Werkzeuge und Ausrüstung;Gartenwerkzeuge
Werkzeuge und Ausrüstung;Baumaschinen
Freizeit- und Sportgeräte;Fahrräder
Freizeit- und Sportgeräte;Wassersport
Freizeit- und Sportgeräte;Wintersport
Freizeit- und Sportgeräte;Motorisierte Freizeitfahrzeuge
Camping- und Outdoor-Ausrüstung;Zelte
Camping- und Outdoor-Ausrüstung;Campingmöbel
Camping- und Outdoor-Ausrüstung;Campingkocher
Veranstaltungs- und Partyzubehör;Tische und Stühle
Veranstaltungs- und Partyzubehör;Dekoration
Veranstaltungs- und Partyzubehör;Audio- und Lichttechnik
Veranstaltungs- und Partyzubehör;Zelte und Überdachungen
Elektronik und Technik;Kameras
Elektronik und Technik;Laptops und Tablets
Elektronik und Technik;Videoprojektoren
Möbel;Umzugsmöbel
Möbel;Designermöbel
Möbel;Büromöbel
Transportmittel;Auto
Transportmittel;Anhänger
Transportmittel;Wohnmobile und Wohnwagen
Baby- und Kinderbedarf;Kinderwagen
Baby- und Kinderbedarf;Autositz
Baby- und Kinderbedarf;Spielzeug
Saisonale und Event-spezifische Artikel;Weihnachtsdekoration
Saisonale und Event-spezifische Artikel;Halloween-Dekoration
Saisonale und Event-spezifische Artikel;Sommersaison
Saisonale und Event-spezifische Artikel;Winterausrüstung
Sonstige nützliche Gegenstände;Reinigungsgeräte
Sonstige nützliche Gegenstände;Schwimmbad-Zubehör
Sonstige nützliche Gegenstände;Lagercontainer
Sonstige nützliche Gegenstände;Bauzubehör